entryDate,closeDate,putShort,putLong,callShort,callLong,credit,closeReason,netPnl
2007-03-22,2007-04-10,139,134,149,154,0.8349,profit_target,40.87048215089199
2007-03-21,2007-04-12,140,135,149,154,0.8443,profit_target,47.86702864578974
2007-04-12,2007-05-09,141,136,150,155,0.9545,stop_loss,-99.03389943042448
2007-04-10,2007-05-15,141,136,150,155,0.9564,expired_partial,81.13867570309763
2007-05-09,2007-05-29,147,142,157,162,0.9184,profit_target,44.461954225723076
2007-05-15,2007-06-06,145,140,157,162,0.7797,profit_target,42.00731594152345
2007-05-29,2007-06-18,147,142,158,163,0.8809,profit_target,46.909041489330065
2007-06-06,2007-07-02,147,142,159,164,0.8756,profit_target,61.989674896058666
2007-06-18,2007-07-12,149,144,159,164,1.0055,profit_target,47.75100465640387
2007-07-12,2007-07-27,149,144,162,167,0.9108,stop_loss,-104.46847709056922
2007-07-02,2007-08-03,147,142,159,164,0.9516,stop_loss,-203.8180827254887
2007-09-04,2007-09-24,141,136,159,164,0.8996,profit_target,50.70930197431982
2007-09-13,2007-10-08,140,135,159,164,0.9190,profit_target,44.34970659515785
2007-09-24,2007-10-16,145,140,161,166,0.8688,profit_target,42.43135006729176
2007-10-08,2007-10-31,149,144,163,168,1.0049,profit_target,56.53770978233346
2007-10-16,2007-11-12,147,142,163,168,0.9584,stop_loss,-120.40242355063097
2007-10-31,2007-11-12,149,144,164,169,0.9197,stop_loss,-115.56931499235056
2007-12-07,2007-12-24,143,138,160,165,0.8833,profit_target,41.90389249878398
2007-12-06,2007-12-26,144,139,160,165,0.9765,profit_target,50.799577705013334
2007-12-24,2008-01-08,143,138,158,163,0.9087,stop_loss,-124.6488140781359
2007-12-26,2008-01-08,144,139,158,163,0.9935,stop_loss,-138.02474946802917
2009-05-20,2009-06-01,84,79,98,103,0.6221,stop_loss,-73.09406666143583
2009-05-19,2009-06-15,85,80,99,104,0.5746,profit_target,33.29548790796426
2009-06-02,2009-06-29,88,83,103,108,0.5886,profit_target,31.903857587213317
2009-06-19,2009-07-14,86,81,100,105,0.5992,profit_target,27.65337985658325
2009-06-29,2009-07-22,87,82,100,105,0.6178,profit_target,31.293693820856745
2009-07-15,2009-07-24,88,83,101,106,0.6128,stop_loss,-64.47967467875652
2009-07-22,2009-07-30,90,85,102,107,0.7041,stop_loss,-76.3121538386641
2009-07-24,2009-08-18,93,88,105,110,0.6873,profit_target,34.067862939710324
2009-08-18,2009-08-21,93,88,107,112,0.6436,stop_loss,-70.09395227303183
2009-07-30,2009-08-28,93,88,106,111,0.7266,profit_target,44.299851953403646
2009-08-21,2009-09-14,97,92,110,115,0.7774,profit_target,43.83535809899157
2009-08-28,2009-09-23,97,92,111,116,0.6476,profit_target,42.65761166759874
2009-09-14,2009-10-07,99,94,112,117,0.7983,profit_target,42.19972448664588
2009-09-23,2009-10-16,100,95,114,119,0.6579,profit_target,39.00194092411522
2009-10-07,2009-11-04,100,95,114,119,0.6817,profit_target,32.69878392126888
2009-10-16,2009-11-09,104,99,116,121,0.7736,profit_target,39.01047780682537
2009-11-05,2009-11-30,101,96,115,120,0.7219,profit_target,41.97829836379561
2009-11-09,2009-12-01,104,99,117,122,0.7736,profit_target,42.33612820841147
2009-11-30,2009-12-21,104,99,118,123,0.7228,profit_target,44.78075077103399
2009-12-01,2009-12-21,105,100,118,123,0.7855,profit_target,43.017351870453005
2009-12-21,2010-01-12,106,101,118,123,0.8175,profit_target,49.16540765952905
2009-12-22,2010-01-12,107,102,118,123,0.8687,profit_target,45.79045826288734
2010-01-13,2010-01-28,110,105,121,126,0.7606,stop_loss,-80.46568632410579
2010-01-12,2010-01-29,109,104,120,125,0.7811,stop_loss,-81.4426039392845
2010-02-19,2010-03-19,106,101,118,123,0.7330,profit_target,36.30373542082319
2010-03-01,2010-04-05,107,102,118,123,0.8200,expired_partial,5.003614905732626
2010-03-19,2010-04-16,112,107,122,127,0.8297,profit_target,50.67929702984095
2010-04-05,2010-04-29,114,109,125,130,0.7706,profit_target,41.302325536608876
2010-04-16,2010-05-07,114,109,126,131,0.7689,stop_loss,-91.20686984132078
2010-04-29,2010-05-18,116,111,127,132,0.9216,stop_loss,-115.97159762613839
2010-07-14,2010-08-05,103,98,118,123,0.6806,profit_target,35.152764068887976
2010-07-15,2010-08-05,103,98,118,123,0.7066,profit_target,33.61637657521552
2010-08-05,2010-08-24,107,102,120,125,0.7957,stop_loss,-84.24460924195024
2010-08-06,2010-08-24,107,102,120,125,0.7333,stop_loss,-88.6920378725018
2010-09-03,2010-09-30,105,100,118,123,0.7014,profit_target,32.66674401106317
2010-09-02,2010-10-04,103,98,117,122,0.6850,profit_target,59.34373533303653
2010-09-30,2010-10-25,108,103,122,127,0.8119,profit_target,41.02283361419445
2010-10-04,2010-11-01,108,103,122,127,0.7556,profit_target,46.683277469471925
2010-10-25,2010-11-15,113,108,126,131,0.7461,profit_target,36.34979915978148
2010-11-01,2010-11-18,113,108,126,131,0.8674,profit_target,43.50343870546309
2010-11-15,2010-12-06,114,109,127,132,0.8098,profit_target,43.79487660341535
2010-11-18,2010-12-15,115,110,126,131,0.9300,profit_target,47.97086447414234
2010-12-06,2010-12-31,117,112,129,134,0.7989,profit_target,38.18835219910798
2010-12-15,2011-01-10,119,114,130,135,0.9106,profit_target,49.74122005566788
2010-12-31,2011-01-24,121,116,133,138,0.7883,profit_target,39.62403855477148
2011-01-10,2011-02-04,122,117,134,139,0.8030,profit_target,39.70695122523514
2011-01-24,2011-02-22,124,119,136,141,0.8535,profit_target,63.846475614003786
2011-02-04,2011-03-02,126,121,137,142,0.8917,profit_target,47.02152854876537
2011-02-22,2011-03-21,125,120,140,145,0.8043,profit_target,49.03734267829376
2011-03-02,2011-03-23,125,120,139,144,0.8748,profit_target,41.90772287266091
2011-03-24,2011-04-11,126,121,138,143,0.9040,profit_target,43.232084460454246
2011-03-25,2011-04-12,126,121,138,143,0.9433,profit_target,46.81082317616566
2011-04-11,2011-05-04,128,123,139,144,0.9205,profit_target,46.02028738314935
2011-04-15,2011-05-11,127,122,138,143,0.8266,profit_target,50.233710368721674
2011-05-04,2011-05-31,130,125,142,147,0.8609,profit_target,67.39760893916785
2011-05-11,2011-05-31,129,124,141,146,0.8782,profit_target,54.30219499565899
2011-05-31,2011-06-08,130,125,141,146,0.8417,stop_loss,-87.47690681304451
2011-06-30,2011-07-25,127,122,139,144,0.7935,profit_target,42.94253786057964
2011-07-01,2011-07-25,129,124,140,145,0.9177,profit_target,43.77523745095435
2011-07-25,2011-08-02,128,123,142,147,0.8117,stop_loss,-88.54707854120726
2011-07-26,2011-08-04,127,122,141,146,0.9112,stop_loss,-174.8708556589102
2011-10-14,2011-11-10,115,110,133,138,0.7179,profit_target,36.70930582871678
2011-10-24,2011-11-23,117,112,137,142,0.6375,stop_loss,-84.23917053896429
2011-11-30,2011-12-20,117,112,135,140,0.7600,profit_target,37.13798974484023
2011-12-01,2011-12-21,117,112,135,140,0.7180,profit_target,38.992424551318265
2011-12-20,2012-01-17,118,113,133,138,0.8041,profit_target,43.052798659634604
2011-12-21,2012-01-24,118,113,132,137,0.8739,profit_target,55.435247538133424
2012-01-17,2012-02-14,123,118,138,143,0.8485,profit_target,42.9547031776097
2012-01-24,2012-02-21,126,121,139,144,0.8700,profit_target,46.30982622424665
2012-02-14,2012-03-05,129,124,143,148,0.8713,profit_target,49.12159390048723
2012-02-21,2012-03-12,131,126,144,149,0.8631,profit_target,55.81750273168311
2012-03-05,2012-03-28,131,126,144,149,0.8705,profit_target,42.58958197214523
2012-03-12,2012-04-05,132,127,144,149,0.7829,profit_target,39.43713169137874
2012-03-28,2012-04-25,136,131,147,152,0.9348,profit_target,57.02618809152662
2012-04-05,2012-04-26,135,130,147,152,0.9047,profit_target,49.85403132472521
2012-04-26,2012-05-16,135,130,147,152,0.8763,stop_loss,-109.41151658273584
2012-04-25,2012-05-17,134,129,146,151,0.9268,stop_loss,-138.17362045311538
2012-06-19,2012-07-06,130,125,143,148,0.9241,profit_target,44.70480605917232
2012-06-20,2012-07-13,130,125,143,148,0.7966,profit_target,51.47653967502923
2012-07-06,2012-07-26,130,125,142,147,0.9389,profit_target,45.92500800465469
2012-07-13,2012-08-06,131,126,143,148,0.8404,profit_target,42.43498073437002
2012-07-26,2012-08-23,131,126,143,148,0.9429,profit_target,62.46190124790383
2012-08-06,2012-08-27,134,129,146,151,0.8744,profit_target,42.31466242761012
2012-08-23,2012-09-24,135,130,147,152,0.8676,profit_target,58.08683830234196
2012-08-27,2012-09-24,136,131,148,153,0.9064,profit_target,55.6725655990362
2012-09-25,2012-10-15,139,134,151,156,0.8874,profit_target,45.20689834628457
2012-09-24,2012-10-17,141,136,152,157,0.9148,profit_target,48.795265125199116
2012-10-17,2012-11-07,141,136,153,158,0.8453,stop_loss,-87.47844036412275
2012-10-15,2012-11-13,139,134,151,156,0.8332,stop_loss,-90.71197501663003
2012-12-07,2012-12-31,137,132,149,154,0.8544,profit_target,46.26227068741659
2012-12-10,2013-01-03,137,132,149,154,0.8733,profit_target,41.618936857242296
2013-01-03,2013-01-31,141,136,152,157,0.9418,profit_target,52.36281370597228
2012-12-31,2013-02-04,137,132,150,155,0.9788,expired_worthless,97.87555802820216
2013-01-31,2013-02-21,145,140,156,161,0.9500,profit_target,47.81031426940519
2013-02-04,2013-02-27,145,140,156,161,0.9737,profit_target,56.22649150557408
2013-02-21,2013-03-21,145,140,157,162,0.9323,profit_target,56.285546417670965
2013-02-27,2013-03-25,147,142,158,163,1.0123,profit_target,60.36564178928907
2013-03-21,2013-04-09,150,145,161,166,0.9591,profit_target,45.83863444051814
2013-03-25,2013-04-16,150,145,162,167,0.8148,profit_target,43.08048871998106
2013-04-09,2013-05-14,152,147,163,168,0.8583,expired_partial,-120.16580437755191
2013-04-16,2013-05-15,153,148,164,169,0.9845,stop_loss,-129.34343543434304
2013-05-14,2013-06-07,160,155,172,177,0.8024,profit_target,37.800180821941396
2013-05-15,2013-06-10,161,156,172,177,0.9722,profit_target,48.5391419581821
2013-06-07,2013-07-05,159,154,172,177,0.9575,profit_target,70.56426734800537
2013-06-10,2013-07-05,159,154,172,177,0.9871,profit_target,61.71913671285126
2013-07-05,2013-08-06,158,153,171,176,0.9043,profit_target,57.22347215924943
2013-07-08,2013-08-07,159,154,171,176,1.0519,profit_target,69.15165377056532
2013-08-06,2013-09-09,165,160,176,181,0.9958,profit_target,92.57993691762998
2013-08-07,2013-09-09,164,159,176,181,0.8829,profit_target,79.40114171207945
2013-09-09,2013-09-30,161,156,175,180,0.9604,profit_target,46.92142347715519
2013-09-10,2013-10-01,163,158,176,181,0.9409,profit_target,44.98711635325313
2013-09-30,2013-11-04,162,157,177,182,0.9279,expired_worthless,92.79221964481046
2013-10-01,2013-11-04,164,159,177,182,1.0860,profit_target,67.15426999238777
2013-11-04,2013-12-02,172,167,184,189,0.9487,profit_target,66.99352865293757
2013-11-05,2013-12-02,171,166,183,188,1.0295,profit_target,50.79361940443583
2013-12-02,2013-12-23,174,169,188,193,0.9440,profit_target,54.92461651338917
2013-12-03,2013-12-30,174,169,187,192,1.0926,profit_target,61.15488763654076
2013-12-23,2014-01-10,178,173,190,195,1.0358,profit_target,53.54988651707322
2013-12-30,2014-01-15,179,174,192,197,0.9870,profit_target,49.74520873915915
2014-01-15,2014-01-29,180,175,192,197,0.9505,stop_loss,-101.89910605034137
2014-01-10,2014-02-03,179,174,191,196,0.9499,stop_loss,-185.56871175095438
2014-02-11,2014-03-11,176,171,190,195,0.9937,profit_target,55.957155988962135
2014-02-12,2014-03-12,176,171,190,195,0.9627,profit_target,54.10957323171346
2014-03-11,2014-03-31,181,176,195,200,1.0719,profit_target,62.88847000687418
2014-03-12,2014-03-31,181,176,195,200,1.0348,profit_target,55.45283634097269
2014-03-31,2014-04-21,182,177,195,200,1.0750,profit_target,63.44249472760695
2014-04-01,2014-04-22,183,178,196,201,1.0047,profit_target,55.12493418873596
2014-04-21,2014-05-12,182,177,195,200,1.0114,profit_target,57.68579936636873
2014-04-22,2014-05-12,183,178,196,201,0.9726,profit_target,59.17718520450001
2014-05-12,2014-06-02,185,180,197,202,0.9871,profit_target,52.52240392649414
2014-05-13,2014-06-02,185,180,197,202,0.9774,profit_target,46.4800304895302
2014-06-02,2014-06-26,188,183,199,204,1.0695,profit_target,52.93754904396821
2014-06-03,2014-06-30,187,182,199,204,1.0165,profit_target,64.01735003803746
2014-06-26,2014-07-16,191,186,203,208,0.9632,profit_target,51.8600223541295
2014-06-30,2014-07-22,191,186,203,208,0.9752,profit_target,46.27311682233968
2014-07-16,2014-08-07,193,188,205,210,0.9111,stop_loss,-103.77132985455945
2014-07-22,2014-08-18,193,188,206,211,0.9720,profit_target,69.0606947500976
2014-08-18,2014-09-09,192,187,205,210,0.9609,profit_target,47.710825089428134
2014-08-19,2014-09-10,193,188,206,211,0.9541,profit_target,53.66280979878493
2014-09-09,2014-10-06,193,188,207,212,1.0439,profit_target,50.274161192411924
2014-09-10,2014-10-08,194,189,207,212,1.0995,profit_target,53.62842640678961
2014-10-28,2014-12-01,192,187,207,212,1.0598,profit_target,93.29998607234165
2014-10-29,2014-12-01,192,187,207,212,1.1336,profit_target,84.18932445333003
2014-12-01,2014-12-24,199,194,214,219,1.0931,profit_target,58.976604316753956
2014-12-02,2014-12-26,201,196,215,220,1.0225,profit_target,54.37076522262316
2014-12-24,2015-01-22,202,197,217,222,1.1413,profit_target,73.38566562677241
2014-12-26,2015-01-22,202,197,218,223,1.0700,profit_target,55.253359678061706
2015-01-22,2015-02-12,199,194,217,222,1.0297,profit_target,60.42371106948203
2015-01-23,2015-02-12,198,193,216,221,1.0369,profit_target,49.67617668790096
2015-02-12,2015-02-27,202,197,219,224,1.0357,profit_target,50.96105332025165
2015-02-13,2015-03-02,203,198,219,224,1.0907,profit_target,55.52361280498703
2015-02-27,2015-03-20,204,199,219,224,1.1237,profit_target,60.47031302325989
2015-03-02,2015-04-06,206,201,220,225,1.1103,expired_worthless,111.02788626944519
2015-03-20,2015-04-10,205,200,219,224,1.1024,profit_target,63.35943264641666
2015-04-06,2015-04-27,201,196,217,222,1.1076,profit_target,66.77978973806792
2015-04-10,2015-05-01,204,199,218,223,1.0584,profit_target,62.089366539956266
2015-04-27,2015-05-15,205,200,219,224,1.1244,profit_target,56.301275128301164
2015-05-01,2015-05-21,205,200,219,224,1.0554,profit_target,56.41842269504443
2015-05-15,2015-06-10,207,202,220,225,1.1380,profit_target,62.93898309189523
2015-05-21,2015-06-18,207,202,221,226,1.0041,profit_target,76.03113971295757
2015-06-10,2015-07-07,204,199,219,224,1.0292,profit_target,49.53434120758131
2015-06-18,2015-07-13,206,201,221,226,1.0150,profit_target,49.0052820979213
2015-07-14,2015-07-30,205,200,220,225,1.0146,profit_target,49.74805821136227
2015-07-15,2015-07-31,205,200,219,224,1.1279,profit_target,54.34009317652808
2015-07-30,2015-08-21,205,200,219,224,0.9697,stop_loss,-212.70968278130138
2015-07-31,2015-08-21,205,200,218,223,1.0839,stop_loss,-194.6899268934872
2015-10-08,2015-11-09,194,189,212,217,1.0847,profit_target,95.37688951407054
2015-10-09,2015-11-09,194,189,212,217,1.0613,profit_target,84.9988241023231
2015-11-09,2015-11-27,200,195,218,223,1.0997,profit_target,58.90827375853872
2015-11-10,2015-12-01,201,196,218,223,1.0437,profit_target,60.58468546668825
2015-11-27,2015-12-28,202,197,219,224,1.0993,profit_target,52.47120762918546
2015-12-01,2015-12-29,203,198,220,225,0.9950,profit_target,59.92332638370734
2015-12-29,2016-01-07,200,195,218,223,1.0467,stop_loss,-115.47905912984177
2016-02-25,2016-03-28,187,182,206,211,1.1088,profit_target,77.1485292794365
2016-02-26,2016-03-28,186,181,206,211,1.0866,profit_target,62.24362309557154
2016-03-28,2016-04-22,197,192,213,218,1.0950,profit_target,57.04640276837264
2016-03-29,2016-04-22,199,194,214,219,1.0597,profit_target,61.72544304863896
2016-04-22,2016-05-24,203,198,218,223,0.9906,profit_target,88.3417452023517
2016-04-25,2016-05-24,202,197,218,223,1.0331,profit_target,78.51654121419143
2016-05-24,2016-06-20,201,196,217,222,1.0267,profit_target,61.83582799987004
2016-05-25,2016-06-21,203,198,218,223,1.0775,profit_target,56.446763188596684
2016-06-20,2016-07-05,200,195,220,225,1.0703,profit_target,54.812985351581645
2016-06-21,2016-07-05,200,195,221,226,1.0037,profit_target,49.87452681405693
2016-07-05,2016-08-02,202,197,219,224,1.0646,profit_target,60.64030086025638
2016-07-06,2016-08-02,203,198,220,225,1.0095,profit_target,65.94529944855985
2016-08-02,2016-08-18,209,204,225,230,0.9756,profit_target,46.968111068308474
2016-08-03,2016-08-19,210,205,225,230,1.0268,profit_target,51.822213995954236
2016-08-18,2016-09-07,213,208,226,231,1.0779,profit_target,54.999921529251175
2016-08-19,2016-09-21,213,208,226,231,1.0360,profit_target,93.47694254122796
2016-09-07,2016-10-05,213,208,227,232,1.0031,profit_target,50.89540950652769
2016-09-22,2016-10-24,212,207,226,231,1.0128,profit_target,82.54294049326144
2016-11-09,2016-11-30,209,204,226,231,1.0252,profit_target,53.519706144357016
2016-11-10,2016-11-30,210,205,226,231,1.1775,profit_target,59.71156550519752
2016-11-30,2016-12-28,213,208,229,234,1.0237,profit_target,67.86895062906684
2016-12-01,2016-12-28,212,207,229,234,0.9983,profit_target,58.73766657052691
2016-12-28,2017-01-13,219,214,234,239,1.1027,profit_target,53.83692615233373
2016-12-29,2017-01-13,218,213,234,239,1.0840,profit_target,52.398585463080785
2017-01-13,2017-02-03,222,217,235,240,1.1127,profit_target,59.755139093044306
2017-01-17,2017-02-06,221,216,235,240,1.0831,profit_target,55.89219913284362
2017-02-03,2017-03-01,224,219,238,243,0.9545,stop_loss,-144.0750671753227
2017-02-06,2017-03-01,224,219,237,242,1.1410,stop_loss,-171.54208676803108
2017-03-02,2017-03-20,232,227,247,252,1.0621,profit_target,51.881161533113364
2017-03-01,2017-03-28,233,228,249,254,1.0789,profit_target,54.54797490645087
2017-03-20,2017-04-20,232,227,246,251,1.0692,profit_target,74.14351962786237
2017-03-28,2017-04-24,230,225,244,249,1.1179,profit_target,97.58072925899074
2017-04-24,2017-05-12,232,227,246,251,1.0132,profit_target,49.50231399360894
2017-04-25,2017-05-12,233,228,247,252,1.0079,profit_target,50.42734931778203
2017-05-12,2017-06-06,234,229,247,252,1.0467,profit_target,61.06465438632189
2017-05-15,2017-06-06,235,230,248,253,1.0688,profit_target,57.80488347624051
2017-06-06,2017-06-23,238,233,251,256,1.0832,profit_target,52.11479501790568
2017-06-07,2017-06-26,238,233,251,256,1.0964,profit_target,63.186131067322826
2017-06-23,2017-07-13,239,234,251,256,1.1575,profit_target,64.15466775755182
2017-06-26,2017-07-17,239,234,251,256,1.1386,profit_target,61.51466099647876
2017-07-13,2017-08-07,240,235,252,257,1.1385,profit_target,68.87206299073188
2017-07-17,2017-08-07,241,236,254,259,0.9871,profit_target,55.3131245530345
2017-08-07,2017-08-31,243,238,256,261,1.0358,profit_target,58.38766068102884
2017-08-08,2017-08-31,242,237,256,261,1.1021,profit_target,71.96124655641967
2017-08-31,2017-09-21,242,237,255,260,1.1614,profit_target,66.92712680968052
2017-09-01,2017-09-21,242,237,256,261,0.9566,profit_target,55.200225966301495
2017-09-21,2017-10-23,245,240,258,263,0.9990,profit_target,52.03779897636704
2017-09-22,2017-10-25,245,240,258,263,0.9919,profit_target,81.89564839119168
2017-10-23,2017-11-13,250,245,265,270,1.1190,profit_target,55.6312286122133
2017-10-25,2017-11-16,250,245,265,270,1.0955,profit_target,55.11657230835192
2017-11-13,2017-11-27,252,247,268,273,1.0719,profit_target,54.77913878872436
2017-11-16,2017-12-14,252,247,268,273,1.1218,profit_target,57.243791101071466
2017-11-27,2018-01-02,255,250,268,273,1.1612,expired_partial,-44.585425622531204
2017-12-14,2018-01-11,259,254,274,279,1.0656,stop_loss,-177.7642200722082
2018-01-02,2018-01-12,264,259,278,283,1.0659,stop_loss,-148.18564153112447
2018-01-11,2018-01-26,271,266,285,290,1.1583,stop_loss,-176.23389725805822
2018-01-12,2018-02-05,273,268,287,292,1.2241,stop_loss,-140.15522044732498
2018-01-26,2018-02-05,280,275,297,302,1.1496,stop_loss,-164.6991814241991
2018-02-15,2018-03-06,261,256,289,294,1.1381,profit_target,56.89710206135793
2018-02-16,2018-03-06,261,256,289,294,1.1781,profit_target,57.43882711013699
2018-03-09,2018-03-23,270,265,291,296,1.2246,stop_loss,-192.02612020019544
2018-03-12,2018-03-23,269,264,292,297,1.1780,stop_loss,-164.51676267499386
2018-04-17,2018-05-09,262,257,283,288,1.2349,profit_target,80.32491207279013
2018-04-18,2018-05-09,261,256,284,289,1.1247,profit_target,73.97044803952636
2018-05-09,2018-06-01,262,257,281,286,1.1654,profit_target,64.34033342250778
2018-05-10,2018-06-01,264,259,283,288,1.1917,profit_target,70.72950240557553
2018-06-01,2018-06-22,265,260,285,290,1.1207,profit_target,58.72713692133747
2018-06-04,2018-07-02,267,262,285,290,1.2253,profit_target,72.48179867479482
2018-06-22,2018-07-13,267,262,287,292,1.1853,profit_target,61.91754838716282
2018-07-02,2018-07-30,263,258,286,291,1.1288,profit_target,73.63457367702044
2018-07-13,2018-08-02,273,268,291,296,1.1469,profit_target,55.329153859804435
2018-07-30,2018-08-22,271,266,293,298,1.1341,profit_target,62.00846523689638
2018-08-02,2018-09-04,275,270,293,298,1.2041,profit_target,102.77404150935774
2018-08-22,2018-09-14,279,274,297,302,1.2105,profit_target,62.990391550926425
2018-09-04,2018-09-19,281,276,301,306,1.2233,profit_target,59.1315879527621
2018-09-14,2018-10-03,283,278,301,306,1.2334,profit_target,61.6743313982578
2018-09-19,2018-10-11,283,278,301,306,1.1984,stop_loss,-212.20824522110624
2018-10-03,2018-10-11,285,280,303,308,1.1725,stop_loss,-179.91213492209087
2018-12-03,2018-12-14,269,264,293,298,1.1967,stop_loss,-163.25328207942889
2019-01-18,2019-02-07,256,251,281,286,1.2012,profit_target,60.63010957224228
2019-01-17,2019-02-11,253,248,278,283,1.1647,profit_target,61.64232431868022
2019-02-07,2019-03-06,261,256,284,289,1.2001,profit_target,75.79842047842277
2019-02-11,2019-03-07,261,256,284,289,1.1791,profit_target,64.27007980892617
2019-03-06,2019-03-27,267,262,290,295,1.2155,profit_target,61.66592850861192
2019-03-07,2019-04-11,265,260,289,294,1.1697,expired_worthless,116.97175082055793
2019-03-27,2019-05-01,271,266,293,298,1.2460,expired_worthless,124.59959401583305
2019-04-11,2019-05-10,281,276,300,305,1.2678,profit_target,88.74781928865083
2019-05-01,2019-05-29,283,278,306,311,1.1739,stop_loss,-166.31797847931853
2019-05-10,2019-06-06,278,273,302,307,1.2321,profit_target,70.50265724985871
2019-06-07,2019-07-08,277,272,301,306,1.2698,profit_target,74.93150974741317
2019-06-10,2019-07-08,278,273,303,308,1.1475,profit_target,66.49926099746752
2019-07-08,2019-07-29,288,283,310,315,1.2247,profit_target,61.15827511062351
2019-07-09,2019-07-29,289,284,311,316,1.2093,profit_target,62.542459683672895
2019-07-29,2019-08-14,294,289,314,319,1.2658,stop_loss,-175.59106715473663
2019-07-30,2019-08-14,292,287,314,319,1.2344,stop_loss,-142.89155984959524
2019-09-05,2019-09-23,287,282,312,317,1.2570,profit_target,64.53286016702612
2019-09-06,2019-09-30,288,283,311,316,1.2745,profit_target,74.3840107174409
2019-09-23,2019-10-14,289,284,313,318,1.1794,profit_target,57.23807972994778
2019-09-30,2019-10-15,287,282,312,317,1.2585,profit_target,65.79180628967109
2019-10-14,2019-11-18,287,282,310,315,1.1903,expired_partial,-103.87097059987377
2019-10-15,2019-11-19,291,286,312,317,1.2342,expired_partial,119.02469744526076
2019-11-18,2019-12-13,304,299,324,329,1.2598,profit_target,74.16110370129061
2019-11-19,2019-12-13,303,298,324,329,1.2513,profit_target,68.09229388760966
2019-12-13,2020-01-16,308,303,329,334,1.2424,stop_loss,-147.41480128073923
2019-12-16,2020-01-21,311,306,331,336,1.2849,expired_partial,17.987187373151215
2020-01-16,2020-02-13,323,318,344,349,1.2882,profit_target,74.78979542066376
2020-01-21,2020-02-18,323,318,345,350,1.2857,profit_target,83.82527859339496
2020-02-13,2020-02-25,327,322,352,357,1.2677,stop_loss,-174.80042880193142
2020-02-18,2020-02-25,326,321,352,357,1.2917,stop_loss,-136.9294490363417
2020-05-08,2020-06-05,275,270,318,323,0.9756,stop_loss,-164.93179512143814
2020-05-11,2020-06-05,275,270,317,322,1.0374,stop_loss,-186.50509284860794
2020-06-05,2020-07-06,302,297,343,348,1.1125,profit_target,85.6143002144565
2020-06-08,2020-07-06,304,299,348,353,1.0972,profit_target,57.90259969610887
2020-07-06,2020-07-27,298,293,345,350,0.9928,profit_target,49.403318542126165
2020-07-07,2020-07-30,294,289,342,347,1.0009,profit_target,47.71710607610602
2020-07-30,2020-08-26,307,302,349,354,1.1038,stop_loss,-113.77941674790769
2020-07-27,2020-08-27,306,301,348,353,1.1150,stop_loss,-116.69455475353955
2020-08-26,2020-09-23,330,325,372,377,1.1884,stop_loss,-147.84542496091132
2020-08-27,2020-09-23,329,324,374,379,1.1354,stop_loss,-128.92218850795328
2020-09-30,2020-10-27,316,311,363,368,1.0654,profit_target,52.559409310870755
2020-10-01,2020-11-02,318,313,365,370,1.0878,profit_target,58.87065499404057
2020-11-05,2020-11-27,329,324,380,385,1.0555,profit_target,50.20246921312255
2020-11-04,2020-11-30,322,317,375,380,0.9886,profit_target,50.827337312807266
2020-11-27,2020-12-24,346,341,388,393,1.1787,profit_target,64.33843981094307
2020-11-30,2020-12-28,345,340,385,390,1.1852,profit_target,57.34350307371876
2020-12-24,2021-01-25,352,347,394,399,1.2299,profit_target,78.2973849606088
2020-12-28,2021-01-26,355,350,398,403,1.2016,profit_target,73.02387095136655
2021-01-25,2021-02-17,365,360,412,417,1.2106,profit_target,64.08312970444445
2021-01-26,2021-02-18,365,360,412,417,1.1645,profit_target,59.677683148650985
2021-02-17,2021-03-11,374,369,419,424,1.1969,profit_target,61.61663718476212
2021-02-18,2021-03-11,372,367,418,423,1.2091,profit_target,60.62039249165581
2021-03-11,2021-03-30,375,370,420,425,1.2275,profit_target,65.10182691845489
2021-03-12,2021-04-01,376,371,419,424,1.2407,profit_target,64.6290631308421
2021-03-30,2021-04-16,378,373,419,424,1.2759,stop_loss,-131.62997897327938
2021-04-01,2021-05-04,386,381,423,428,1.2950,profit_target,93.93248729472944
2021-04-16,2021-05-14,403,398,439,444,1.3255,profit_target,90.59937285167383
2021-05-04,2021-05-24,398,393,441,446,1.2703,profit_target,65.11296305603221
2021-05-14,2021-06-02,400,395,441,446,1.3059,profit_target,63.41119451239761
2021-05-24,2021-06-11,402,397,443,448,1.2914,profit_target,67.73373099083065
2021-06-02,2021-06-22,404,399,443,448,1.3072,profit_target,64.89155803729733
2021-06-11,2021-07-12,410,405,445,450,1.3297,profit_target,72.01909505279794
2021-06-22,2021-07-19,409,404,446,451,1.3361,profit_target,66.1615678806286
2021-07-12,2021-08-04,423,418,460,465,1.3472,profit_target,65.0319805523459
2021-07-19,2021-08-17,404,399,455,460,1.1989,profit_target,63.83158935383377
2021-08-04,2021-08-30,423,418,464,469,1.3449,profit_target,65.11305713804506
2021-08-17,2021-09-09,427,422,469,474,1.3147,profit_target,65.80076777781264
2021-08-30,2021-09-30,437,432,475,480,1.3708,stop_loss,-158.58747011389292
2021-09-09,2021-10-12,430,425,475,480,1.2889,profit_target,64.33019294856325
2021-10-14,2021-11-04,427,422,466,471,1.3680,stop_loss,-146.8189503588229
2021-10-15,2021-11-19,431,426,469,474,1.3640,expired_partial,54.20442599213702
2021-11-04,2021-12-07,452,447,490,495,1.3607,profit_target,125.36475497596622
2021-11-19,2021-12-15,450,445,496,501,1.3413,profit_target,74.98361639599061
2021-12-07,2021-12-23,446,441,499,504,1.3033,profit_target,66.46090017071094
2021-12-15,2022-01-05,451,446,498,503,1.3499,profit_target,65.01426917132925
2021-12-23,2022-01-12,454,449,498,503,1.3634,profit_target,67.60595037135698
2022-01-05,2022-01-25,449,444,498,503,1.3011,stop_loss,-136.46958924036198
2022-01-12,2022-01-25,454,449,498,503,1.3279,stop_loss,-146.79137894851746
2022-03-18,2022-04-06,422,417,478,483,1.2182,profit_target,60.03445367389542
2022-03-21,2022-04-13,423,418,478,483,1.2012,profit_target,69.56735911449503
2022-04-06,2022-04-29,426,421,478,483,1.2444,stop_loss,-150.59292522677694
2022-04-13,2022-05-06,423,418,474,479,1.2455,stop_loss,-141.46023044115546
2022-07-19,2022-08-10,372,367,423,428,1.1387,stop_loss,-120.77523825398437
2022-07-20,2022-08-12,375,370,424,429,1.2135,stop_loss,-186.9949083586417
2022-08-12,2022-08-31,409,404,453,458,1.2974,stop_loss,-175.38572518059505
2022-08-10,2022-09-02,402,397,446,451,1.2767,stop_loss,-152.30134408377862
2022-09-12,2022-09-22,389,384,441,446,1.1565,stop_loss,-140.88188415671743
2022-09-09,2022-09-23,386,381,435,440,1.1866,stop_loss,-183.36619449933542
2022-10-28,2022-11-18,368,363,420,425,1.1546,profit_target,57.893566830855356
2022-10-31,2022-11-21,365,360,417,422,1.1480,profit_target,58.4141389727838
2022-11-18,2022-12-08,376,371,424,429,1.2064,profit_target,59.15498336655685
2022-11-21,2022-12-14,375,370,422,427,1.2064,profit_target,68.42483705233516
2022-12-08,2023-01-06,376,371,423,428,1.2001,profit_target,77.9328397465398
2022-12-14,2023-01-11,381,376,425,430,1.2506,profit_target,86.21567680293028
2023-01-10,2023-02-02,374,369,416,421,1.2702,stop_loss,-155.89222856674925
2023-01-11,2023-02-09,378,373,422,427,1.2503,profit_target,90.16303586189974
2023-02-09,2023-03-03,389,384,434,439,1.2234,profit_target,68.0998798837644
2023-02-02,2023-03-09,400,395,442,447,1.2540,expired_max_loss,-377.1977368817824
2023-03-03,2023-03-29,387,382,428,433,1.2853,profit_target,72.8885717293257
2023-03-30,2023-04-21,388,383,428,433,1.3141,profit_target,66.64679022488275
2023-03-29,2023-04-24,386,381,426,431,1.2955,profit_target,77.97078190062868
2023-04-21,2023-05-12,398,393,434,439,1.3492,profit_target,68.04706876607065
2023-04-24,2023-05-15,398,393,435,440,1.3308,profit_target,64.89203914451281
2023-05-12,2023-06-13,397,392,434,439,1.2969,stop_loss,-150.0423551199019
2023-05-15,2023-06-15,398,393,435,440,1.3539,stop_loss,-251.02229481412814
2023-06-15,2023-07-05,428,423,462,467,1.3485,profit_target,69.70568472630967
2023-06-13,2023-07-06,423,418,456,461,1.3855,profit_target,68.78670215611925
2023-07-05,2023-08-02,431,426,464,469,1.3573,profit_target,90.52862959501516
2023-07-06,2023-08-02,426,421,462,467,1.3336,profit_target,66.53134140339068
2023-08-03,2023-08-28,434,429,472,477,1.3351,profit_target,64.65948776640805
2023-08-02,2023-08-29,435,430,473,478,1.3697,profit_target,108.34408487274446
2023-08-29,2023-09-14,435,430,470,475,1.3073,profit_target,66.82357872478642
2023-08-30,2023-09-26,438,433,471,476,1.3421,stop_loss,-224.98242489508107
2023-09-14,2023-09-27,438,433,468,473,1.3843,stop_loss,-143.69908110776922
2023-11-03,2023-12-01,421,416,456,461,1.2979,stop_loss,-167.11598793204263
2023-11-06,2023-12-01,422,417,456,461,1.3709,stop_loss,-161.06555597264767
2024-08-14,2024-09-09,526,521,572,577,1.4158,profit_target,78.49681778884772
2024-08-15,2024-09-11,536,531,580,585,1.4173,profit_target,91.417916642298
2024-09-11,2024-10-16,533,528,585,590,1.3720,expired_worthless,137.19738392124495
2024-09-12,2024-10-17,538,533,588,593,1.4099,expired_worthless,140.9916223330347
2024-10-16,2024-11-06,559,554,619,624,1.3460,profit_target,83.76805515147721
2024-10-17,2024-11-06,559,554,618,623,1.3487,profit_target,73.93247548363976
2024-11-06,2024-11-25,571,566,622,627,1.4074,profit_target,71.51366352205332
2024-11-07,2024-11-26,577,572,625,630,1.4127,profit_target,69.41429446106307
2024-11-25,2024-12-23,579,574,625,630,1.4401,profit_target,99.77063208659874
2024-11-26,2024-12-23,583,578,628,633,1.4252,profit_target,76.53460838842733
2024-12-23,2025-01-15,575,570,628,633,1.3891,profit_target,82.74926717828309
2024-12-24,2025-01-21,585,580,630,635,1.4526,profit_target,113.18430545512804
2025-01-17,2025-02-10,578,573,629,634,1.3893,profit_target,84.05637653608994
2025-01-21,2025-02-12,585,580,633,638,1.4123,profit_target,70.90267491480516
2025-02-10,2025-03-10,585,580,636,641,1.3967,stop_loss,-284.28494610602405
2025-02-12,2025-03-10,584,579,634,639,1.4457,stop_loss,-246.3830738127353
2025-05-02,2025-05-30,540,535,607,612,1.3063,profit_target,69.90482033688757
2025-05-01,2025-06-04,529,524,602,607,1.2102,profit_target,71.15370700761207
2025-05-30,2025-07-07,566,561,626,631,1.3534,expired_worthless,135.33558952592043
2025-06-04,2025-07-08,574,569,629,634,1.3938,profit_target,109.99851125325105
2025-07-07,2025-07-30,598,593,656,661,1.4188,profit_target,72.77792770055117
2025-07-08,2025-08-04,599,594,654,659,1.4202,profit_target,91.2763501532657
2025-07-30,2025-08-20,614,609,666,671,1.4346,profit_target,70.35922761674786
2025-08-04,2025-08-25,608,603,666,671,1.4279,profit_target,76.89328562994484
2025-08-20,2025-09-23,617,612,670,675,1.4273,profit_target,76.03217374624316
2025-08-25,2025-09-25,623,618,673,678,1.4425,profit_target,92.30997622422582
2025-09-23,2025-10-20,641,636,699,704,1.4398,profit_target,94.51210353222325
2025-09-25,2025-10-22,636,631,694,699,1.4256,profit_target,87.04425368653278
2025-10-20,2025-11-13,646,641,710,715,1.4317,profit_target,76.568558946302
2025-10-22,2025-11-14,642,637,707,712,1.4217,profit_target,71.50743136801745
2025-11-13,2025-12-01,644,639,714,719,1.3924,profit_target,67.80220141397118
2025-11-14,2025-12-02,643,638,714,719,1.3472,profit_target,67.02724559585764
2025-12-01,2025-12-19,655,650,717,722,1.4105,profit_target,79.12225585268561
2025-12-02,2025-12-19,658,653,717,722,1.4526,profit_target,71.677289889611
2025-12-19,2026-01-14,661,656,714,719,1.4822,profit_target,77.10821830645659
2025-12-22,2026-01-16,667,662,717,722,1.5001,profit_target,78.26642834957286
2026-01-14,2026-02-09,667,662,728,733,1.4264,profit_target,98.22963430195031
2026-01-16,2026-02-09,670,665,727,732,1.4775,profit_target,79.33378147087814
2026-02-09,2026-03-16,670,665,733,738,1.4367,expired_partial,134.87366716363684
2026-02-10,2026-03-17,667,662,731,736,1.4489,expired_worthless,144.88872141061205
2026-04-08,2026-04-24,653,648,710,715,1.4478,stop_loss,-180.4769015279005
2026-04-09,2026-04-24,660,655,711,716,1.4951,stop_loss,-163.19487536476208
2026-04-24,2026-04-27,705,700,729,734,1.4048,profit_target,111.3599962178358
2026-04-27,2026-04-28,710,705,722,727,1.1527,expired_worthless,115.27045789917861