entryDate,closeDate,shortStrike,longStrike,credit,closeReason,netPnl
2007-03-21,2007-04-16,141,136,0.6834,profit_target,62.703738232302456
2007-03-22,2007-04-16,141,136,0.7313,profit_target,66.21835029020073
2007-04-16,2007-05-08,145,140,0.7960,profit_target,62.53080260922114
2007-04-17,2007-05-09,145,140,0.7538,profit_target,62.01899275093922
2007-05-08,2007-06-01,148,143,0.7337,profit_target,60.24381688570059
2007-05-09,2007-06-04,149,144,0.7947,profit_target,64.74913200851299
2007-06-01,2007-07-05,151,146,0.7442,profit_target,65.84979092942406
2007-06-04,2007-07-09,151,146,0.7318,expired_worthless,73.18226863873134
2007-07-05,2007-07-27,150,145,0.8659,stop_loss,-199.24832696999098
2007-07-09,2007-07-27,150,145,0.7752,stop_loss,-201.04417685121015
2007-09-04,2007-09-27,145,140,0.8383,profit_target,66.65768637486175
2007-09-13,2007-10-04,144,139,0.8126,profit_target,63.8980571340431
2007-09-27,2007-10-29,150,145,0.8392,profit_target,69.60239673445109
2007-10-04,2007-11-07,151,146,0.8611,stop_loss,-232.32192156785658
2007-10-29,2007-11-09,150,145,0.8069,stop_loss,-202.0660288805135
2008-08-11,2008-09-04,127,122,0.7693,stop_loss,-187.28719960052047
2008-08-14,2008-09-09,126,121,0.7921,stop_loss,-198.48807984352447
2009-05-19,2009-06-19,87,82,0.6330,profit_target,53.007353934345
2009-05-20,2009-06-23,87,82,0.6683,profit_target,61.23403652292491
2009-06-19,2009-07-20,89,84,0.6949,profit_target,65.14216487000525
2009-06-24,2009-07-20,87,82,0.6883,profit_target,58.49973997347119
2009-07-20,2009-08-13,92,87,0.6926,profit_target,56.000921496141615
2009-07-21,2009-08-18,92,87,0.6558,profit_target,52.34562654288945
2009-08-13,2009-09-10,98,93,0.7122,profit_target,58.4572979081376
2009-08-18,2009-09-14,96,91,0.7382,profit_target,65.6838486641983
2009-09-10,2009-10-09,101,96,0.7043,profit_target,59.534856358809435
2009-09-14,2009-10-13,102,97,0.7572,profit_target,61.110204287726546
2009-10-09,2009-11-09,104,99,0.7395,profit_target,66.08758778001466
2009-10-13,2009-11-11,104,99,0.7221,profit_target,59.34165118143574
2009-11-09,2009-12-10,106,101,0.7348,profit_target,61.56774807904493
2009-11-11,2009-12-14,107,102,0.7827,profit_target,75.73766514413666
2009-12-10,2010-01-05,107,102,0.7370,profit_target,62.14468734693039
2009-12-14,2010-01-08,108,103,0.7109,profit_target,57.292771411352064
2010-01-08,2010-01-26,112,107,0.7685,stop_loss,-157.05224759862725
2010-01-05,2010-01-29,111,106,0.7716,stop_loss,-204.6939536416033
2010-02-19,2010-03-12,108,103,0.7389,profit_target,58.18782131107437
2010-03-01,2010-03-22,109,104,0.7689,profit_target,64.81931308270724
2010-03-12,2010-04-05,112,107,0.6935,profit_target,57.99542788204965
2010-03-22,2010-04-14,114,109,0.7344,profit_target,64.32753085059088
2010-04-05,2010-05-06,116,111,0.7291,stop_loss,-198.9463620166194
2010-04-14,2010-05-06,119,114,0.7906,stop_loss,-269.6580933523872
2011-01-13,2011-02-07,126,121,0.8082,profit_target,65.88169348015846
2011-01-14,2011-02-08,127,122,0.7900,profit_target,62.830277518788634
2011-02-07,2011-03-14,129,124,0.7521,expired_worthless,75.21283821787881
2011-02-08,2011-03-15,130,125,0.7985,expired_partial,-102.74882232857925
2011-03-24,2011-04-20,128,123,0.7889,profit_target,67.28082062521436
2011-03-25,2011-04-20,128,123,0.7411,profit_target,60.03632245165151
2011-04-20,2011-05-25,131,126,0.8370,expired_worthless,83.69922064098488
2011-04-21,2011-05-25,131,126,0.7247,profit_target,58.08901790032496
2011-05-31,2011-06-06,132,127,0.7874,stop_loss,-171.1361664177477
2011-05-27,2011-06-10,130,125,0.7223,stop_loss,-165.9625353862871
2011-07-01,2011-08-01,131,126,0.7405,stop_loss,-154.06850763264288
2011-06-30,2011-08-02,129,124,0.7409,stop_loss,-248.39074413219032
2012-04-09,2012-05-14,135,130,0.8106,expired_partial,-36.740650358656794
2012-04-12,2012-05-15,136,131,0.8293,stop_loss,-194.45677533501666
2012-06-19,2012-07-18,133,128,0.8391,profit_target,69.54427727514127
2012-06-20,2012-07-19,133,128,0.8398,profit_target,73.67469939178524
2013-02-28,2013-03-14,149,144,0.8720,profit_target,73.10652312366942
2013-03-01,2013-03-14,149,144,0.8223,profit_target,67.11213593357037
2013-03-14,2013-04-10,154,149,0.7168,profit_target,60.60300209004932
2013-03-15,2013-04-10,154,149,0.7570,profit_target,62.232047674575924
2013-04-10,2013-05-06,156,151,0.7242,profit_target,62.37911513527497
2013-04-11,2013-05-07,157,152,0.7844,profit_target,66.985851374417
2013-05-06,2013-06-07,159,154,0.7568,profit_target,72.5301319749083
2013-05-07,2013-06-07,160,155,0.7912,profit_target,69.43728245915491
2013-06-07,2013-06-24,161,156,0.8022,stop_loss,-185.44155050737027
2013-06-10,2013-06-24,161,156,0.8193,stop_loss,-179.8395054733443
2013-07-05,2013-07-19,160,155,0.8061,profit_target,65.63059109131818
2013-07-08,2013-07-22,161,156,0.8229,profit_target,65.78117742321163
2013-07-19,2013-08-21,167,162,0.8607,stop_loss,-177.08308374668846
2013-07-22,2013-08-21,167,162,0.7976,stop_loss,-172.68088349859946
2014-04-28,2014-05-23,184,179,0.8894,profit_target,77.12179581729903
2014-04-29,2014-05-27,185,180,0.8959,profit_target,83.44505783309037
2014-05-23,2014-06-09,187,182,0.7519,profit_target,59.62811662399505
2014-05-27,2014-06-18,189,184,0.8901,profit_target,76.70517448527507
2014-06-09,2014-07-03,193,188,0.8926,profit_target,75.42588286153526
2014-06-18,2014-07-16,193,188,0.7723,profit_target,67.67142877556925
2014-07-03,2014-07-31,196,191,0.7847,stop_loss,-176.31794203672825
2014-07-16,2014-08-05,196,191,0.8891,stop_loss,-190.541720942771
2014-08-18,2014-09-16,194,189,0.8185,profit_target,72.69914213554668
2014-08-19,2014-09-17,195,190,0.8177,profit_target,69.16623396298235
2014-09-17,2014-10-07,197,192,0.8483,stop_loss,-176.30272571265692
2014-09-16,2014-10-09,197,192,0.8846,stop_loss,-200.36334442323664
2015-06-10,2015-07-13,207,202,0.8659,profit_target,74.89764915352006
2015-06-11,2015-07-14,208,203,0.9272,profit_target,81.77010184313953
2016-03-16,2016-04-12,199,194,0.8896,profit_target,71.28891165406216
2016-03-17,2016-04-13,200,195,0.8379,profit_target,73.65120201032661
2016-04-12,2016-05-10,202,197,0.8487,profit_target,70.69578968448111
2016-04-13,2016-05-18,205,200,0.9178,expired_partial,66.78255151804508
2016-05-10,2016-06-07,205,200,0.8869,profit_target,71.02311632018069
2016-05-24,2016-06-23,204,199,0.8969,profit_target,75.71542096144118
2016-06-07,2016-06-27,208,203,0.9384,stop_loss,-258.69624494465484
2016-06-23,2016-06-27,207,202,0.9196,stop_loss,-216.00668849410198
2017-03-06,2017-04-10,234,229,0.8406,expired_worthless,84.05859489124899
2017-03-07,2017-04-10,234,229,0.9385,profit_target,76.7733470177593
2017-04-10,2017-05-01,232,227,0.9524,profit_target,75.4670973013197
2017-04-11,2017-05-01,231,226,0.9213,profit_target,75.8712811404099
2017-05-01,2017-05-26,236,231,0.8584,profit_target,68.30027312231181
2017-05-02,2017-05-30,236,231,0.8549,profit_target,71.83365165517392
2017-05-26,2017-06-23,239,234,0.8798,profit_target,72.56577813193431
2017-05-30,2017-06-26,238,233,0.8299,profit_target,69.09698890148987
2017-06-23,2017-07-19,241,236,0.8668,profit_target,75.16823284843458
2017-06-26,2017-07-19,241,236,0.8472,profit_target,66.48840869324619
2017-07-19,2017-08-23,245,240,0.9239,expired_partial,31.494830053960936
2017-07-20,2017-08-24,245,240,0.9136,expired_partial,-20.23617711068041
2017-08-30,2017-09-19,243,238,0.9605,profit_target,76.1730537559818
2017-08-31,2017-09-26,244,239,0.8719,profit_target,69.4001097888722
2017-09-19,2017-10-11,248,243,0.9205,profit_target,76.12909910691549
2017-09-26,2017-10-13,247,242,0.9144,profit_target,72.53510291566111
2017-10-11,2017-11-06,253,248,0.9299,profit_target,80.1741783326979
2017-10-13,2017-11-06,253,248,0.9418,profit_target,76.57535629304175
2017-11-06,2017-11-30,256,251,0.8223,profit_target,67.1779719457473
2017-11-07,2017-11-30,256,251,0.8679,profit_target,69.53968641465299
2017-11-30,2017-12-26,261,256,0.8919,profit_target,75.51350873134507
2017-12-01,2017-12-26,261,256,0.9621,profit_target,79.99767922467596
2017-12-26,2018-01-11,265,260,0.9197,profit_target,79.41183813677809
2017-12-27,2018-01-11,265,260,0.9083,profit_target,77.18258739761542
2018-01-11,2018-01-26,274,269,0.9542,profit_target,78.71059248026224
2018-01-26,2018-02-02,284,279,0.9896,stop_loss,-218.75540979619174
2018-01-12,2018-02-05,275,270,0.8686,stop_loss,-250.2095906807088
2018-02-02,2018-02-08,270,265,0.9321,stop_loss,-232.37928071237974
2018-12-03,2018-12-07,273,268,0.9298,stop_loss,-230.002713357555
2019-01-17,2019-02-05,257,252,0.8944,profit_target,71.05820924558488
2019-01-18,2019-02-12,261,256,0.9325,profit_target,78.63044204783448
2019-02-05,2019-03-01,268,263,0.9134,profit_target,76.90972797464352
2019-02-12,2019-03-12,269,264,0.9340,profit_target,81.91550863622989
2019-03-01,2019-04-01,276,271,0.9788,profit_target,94.86922050488388
2019-03-12,2019-04-03,274,269,0.9127,profit_target,73.79683649199576
2019-04-01,2019-04-23,282,277,0.9537,profit_target,76.70063896606524
2019-04-03,2019-04-26,282,277,0.9141,profit_target,74.90124227941298
2019-04-23,2019-05-13,289,284,0.9512,stop_loss,-237.3761789714439
2019-04-26,2019-05-13,289,284,0.9156,stop_loss,-233.36284927246737
2019-05-16,2019-05-31,282,277,0.9463,stop_loss,-218.01200181319118
2020-02-04,2020-02-25,323,318,0.9708,stop_loss,-238.4044614621007
2020-02-05,2020-02-25,327,322,0.9718,stop_loss,-273.30489019923505
2020-11-04,2020-11-27,331,326,0.8096,profit_target,67.91301969683347
2020-11-05,2020-12-01,338,333,0.8329,profit_target,71.43418295080676
2020-11-27,2020-12-30,354,349,0.9435,profit_target,77.0793384751081
2020-12-01,2020-12-31,356,351,0.9288,profit_target,76.23358881977866
2020-12-30,2021-02-01,362,357,0.9161,profit_target,73.61707911419256
2020-12-31,2021-02-02,364,359,0.9043,profit_target,84.94496804765309
2021-02-02,2021-03-08,370,365,0.8871,profit_target,83.78388479424973
2021-02-03,2021-03-09,372,367,0.9369,profit_target,91.77566671841805
2021-03-09,2021-04-01,375,370,0.8934,profit_target,74.44979931032564
2021-03-10,2021-04-05,378,373,0.9124,profit_target,83.24460363098635
2021-04-01,2021-04-26,393,388,0.9882,profit_target,83.99592232074785
2021-04-05,2021-05-03,398,393,0.9683,profit_target,81.39072507484153
2021-04-26,2021-06-01,409,404,0.9815,expired_worthless,98.14643374507801
2021-05-03,2021-06-04,409,404,0.9694,profit_target,89.77660443611371
2021-06-01,2021-06-28,411,406,1.0129,profit_target,82.51670974049334
2021-06-04,2021-07-01,414,409,0.9981,profit_target,81.58421663897454
2021-06-28,2021-07-26,421,416,1.0401,profit_target,88.25992694544497
2021-07-01,2021-08-02,424,419,1.0408,profit_target,90.18941874327986
2021-07-26,2021-08-25,432,427,0.9883,profit_target,85.72670695292332
2021-08-02,2021-08-30,428,423,0.9920,profit_target,89.03008978048791
2021-08-25,2021-09-28,440,435,1.0104,stop_loss,-227.58429941011286
2021-08-30,2021-09-28,444,439,1.0379,stop_loss,-236.66827967628763
2021-10-14,2021-11-03,434,429,0.9946,profit_target,86.5258360458191
2021-10-15,2021-11-03,438,433,1.0201,profit_target,82.250780810815
2021-11-03,2021-12-07,457,452,1.0178,profit_target,95.34576965850007
2021-11-04,2021-12-08,459,454,1.0322,profit_target,98.19880800008934
2022-08-10,2022-08-30,410,405,0.9602,stop_loss,-233.40951782039554
2022-08-11,2022-08-30,410,405,0.9771,stop_loss,-229.23194795216688
2022-09-12,2022-09-15,398,393,0.9058,stop_loss,-192.0686315300503
2022-09-09,2022-09-16,395,390,0.9403,stop_loss,-190.16474122813094
2023-05-23,2023-06-08,405,400,0.9987,profit_target,79.08365258239458
2023-05-24,2023-06-08,401,396,0.9718,profit_target,81.41811112446086
2023-06-08,2023-06-30,422,417,1.0161,profit_target,86.86311695275259
2023-06-09,2023-06-30,423,418,1.0557,profit_target,87.0791236774786
2023-06-30,2023-07-25,438,433,1.0584,profit_target,86.90534689023534
2023-07-03,2023-07-26,438,433,1.0256,profit_target,81.21664992679216
2023-07-25,2023-08-16,449,444,1.0398,stop_loss,-223.5917535259577
2023-07-26,2023-08-16,449,444,1.0191,stop_loss,-222.5149707722781
2023-08-29,2023-09-21,442,437,1.0487,stop_loss,-230.11341747641893
2023-08-30,2023-09-21,444,439,1.0491,stop_loss,-250.67927302059474
2024-05-30,2024-06-13,514,509,1.0459,profit_target,84.6307412994947
2024-05-29,2024-06-17,517,512,1.0338,profit_target,88.85477743876561
2024-06-13,2024-07-08,536,531,1.0920,profit_target,92.66777274125769
2024-06-17,2024-07-10,539,534,1.0747,profit_target,89.37530686005859
2024-07-10,2024-07-25,555,550,1.0922,stop_loss,-236.3460775574768
2024-07-08,2024-08-02,549,544,1.0721,stop_loss,-248.4330437762938
2024-07-26,2024-08-19,535,530,1.0544,profit_target,84.81453159238592
2025-05-01,2025-05-16,542,537,0.9133,profit_target,74.82822828012887
2025-05-02,2025-05-27,552,547,0.9579,profit_target,80.1055464104114
2025-05-16,2025-06-18,583,578,1.0442,profit_target,85.1467749114369
2025-05-27,2025-06-24,578,573,1.0217,profit_target,88.19812318403821
2025-06-18,2025-07-09,582,577,0.9817,profit_target,84.59338892268109
2025-06-24,2025-07-18,596,591,1.0470,profit_target,83.93464765413272
2025-07-09,2025-08-08,614,609,1.0652,profit_target,96.61225336783099
2025-07-18,2025-08-12,617,612,1.0649,profit_target,84.04984492607186
2025-08-08,2025-09-08,627,622,1.0724,profit_target,97.96738493576704
2025-08-12,2025-09-11,633,628,1.0812,profit_target,99.31576606082427
2025-09-08,2025-10-03,637,632,1.0584,profit_target,84.88137974062306
2025-09-11,2025-10-14,647,642,1.0861,profit_target,88.52309050595623
2025-10-03,2025-11-03,657,652,1.0396,profit_target,94.8590734948822
2025-10-14,2025-11-10,646,641,0.9806,profit_target,82.60489121231033
2025-11-03,2025-11-20,670,665,1.0408,stop_loss,-213.56505570236408
2025-11-10,2025-12-11,668,663,1.0452,profit_target,93.10745389975538
2025-11-25,2025-12-22,660,655,1.0145,profit_target,85.28194526144128
2025-12-11,2026-01-12,677,672,1.0642,profit_target,97.57051482265044
2025-12-22,2026-01-26,676,671,1.0886,expired_worthless,108.86497718855912
2026-01-12,2026-02-17,684,679,1.0569,expired_worthless,105.6919379640184
2026-01-26,2026-03-02,681,676,1.0671,expired_worthless,106.70918384305628
2026-02-20,2026-03-18,674,669,1.0225,stop_loss,-214.2279555878619
2026-04-08,2026-04-17,663,658,1.0568,profit_target,92.35007277260445
2026-04-09,2026-04-17,669,664,1.0914,profit_target,90.5937961408548
2026-04-17,2026-04-27,703,698,1.1500,profit_target,102.22134047044368
2026-04-20,2026-04-27,702,697,1.1590,profit_target,105.85045357623483
2026-04-27,2026-04-28,712,707,0.8481,expired_worthless,84.81244867010736